iter	CrossEntropy
0	0.6521264669
1	0.6111106114
2	0.5834593778
3	0.5615645349
4	0.5421448018
